Date,"Chla"
1991-12-03,1.21
1991-12-05,1.15
1991-12-10,0.59
1991-12-10,0.8
1991-12-11,1.03
1991-12-13,2.15
1991-12-16,2.28
1991-12-16,1.29
1991-12-18,0.59
1991-12-21,10.84
1991-12-21,9.37
1991-12-23,4.15
1991-12-23,5.43
1991-12-23,3.06
1991-12-27,8.99
1991-12-28,1.88
1991-12-28,3.25
1991-12-30,9.94
1991-12-30,9.32
1992-01-06,4.19
1992-01-07,5.9
1992-01-07,5.59
1992-01-09,13.96
1992-01-10,1.78
1992-01-10,3.76
1992-01-13,1.66
1992-01-13,1.97
1992-01-16,0.96
1992-01-17,0.55
1992-01-17,0.58
1992-01-18,0.03
1992-01-20,0.89
1992-01-24,0.58
1992-01-27,0.23
1992-01-27,0.28
1992-02-03,0.95
1992-02-03,0.77
1992-02-07,0.45
1992-02-07,0.34
1992-02-10,0.84
1992-02-10,1.02
1992-02-10,1
1992-02-17,1.87
1992-02-17,0.88
1992-02-17,0.88
1992-02-21,1.2
1992-02-21,0.67
1992-02-24,3.12
1992-02-24,0.97
1992-02-24,0.89
1992-11-07,0.736
1992-11-09,0.283
1992-11-17,0.798
1992-11-17,0.775
1992-11-20,26.909
1992-11-23,1.469
1992-11-24,1.179
1992-11-25,1.632
1992-11-27,1.868
1992-11-27,1.56
1992-11-30,0.907
1992-12-05,0.351
1992-12-05,0.281
1992-12-07,0.404
1992-12-07,0.436
1992-12-11,0.997
1992-12-14,0.305
1992-12-14,0.46
1992-12-18,0.427
1992-12-18,0.405
1992-12-21,0.925
1992-12-21,0.925
1992-12-28,0.262
1992-12-28,0.499
1992-12-29,1.451
1992-12-29,1.541
1993-02-15,2.013
1993-02-23,4.483
1993-03-01,1.306
1993-09-07,0.272
1993-09-07,0.262
1993-09-07,0.253
1993-09-08,0.294
1993-09-08,0.274
1993-09-09,0.33
1993-09-09,0.31
1993-09-10,0.306
1993-09-10,0.262
1993-09-13,0.349
1993-09-15,0.407
1993-09-29,1.048
1993-11-19,0.031
1993-11-22,0.008
1993-11-22,0.009
1993-11-23,0.012
1993-11-27,0.047
1993-11-29,0.009
1993-11-29,0.038
1993-12-02,2.012
1993-12-06,0.45
1993-12-10,1.26
1993-12-13,1.241
1993-12-13,1.213
1993-12-17,0.378
1993-12-21,1.62
1993-12-21,1.583
1993-12-23,3.257
1993-12-27,2.367
1993-12-27,2.948
1994-01-03,0.423
1994-01-03,0.219
1994-02-14,0.744
1994-02-17,0.72
1994-02-21,1.029
1994-02-28,1.204
1994-03-07,1.629
1994-03-14,2.104
1994-11-16,0.543
1994-11-22,1.285
1994-12-05,4.367
1994-12-08,0.724
1994-12-16,0.975
1994-12-19,2.442
1994-12-21,1.732
1994-12-26,0.199
1995-01-02,0.591
1995-01-02,0.622
1995-02-16,1.086
1995-02-16,1.04
1995-02-21,4.526
1995-02-23,24.036
1995-02-23,26.39
1995-02-27,1.551
1995-11-16,9.25
1995-11-20,16.922
1995-11-23,16.037
1995-11-28,39.7
1995-11-30,20.268
1995-12-04,4.533
1995-12-05,5.25
1995-12-08,2.523
1995-12-16,6.033
1995-12-26,4.283
1996-01-02,2.251
1996-01-04,2.164
1996-02-15,5.439
1996-02-21,2.309
1996-02-23,1.256
1996-02-26,3.858
1996-02-29,1.922
1996-03-05,0.903
1996-03-08,0.577
1996-03-12,2.167
1996-03-15,0.935
1996-03-18,1.893
1996-03-28,0.595
1996-03-28,0.513
1996-03-31,0.864
1996-03-31,1.016
1996-04-11,0.584
1996-04-11,0.531
1996-04-15,0.407
1996-04-15,0.435
1996-04-22,0.262
1996-04-22,0.256
1996-04-29,0.248
1996-04-29,0.262
1996-05-07,0.187
1996-05-07,0.196
1996-05-14,0.211
1996-05-14,0.191
1996-05-21,0.159
1996-05-21,0.146
1996-05-29,0.089
1996-05-29,0.114
1996-06-05,0.108
1996-06-05,0.11
1996-06-12,0.104
1996-06-12,0.106
1996-06-20,0.096
1996-06-20,0.089
1996-06-27,0.09
1996-06-27,0.095
1996-07-01,0.069
1996-07-01,0.069
1996-07-08,0.151
1996-07-08,0.149
1996-07-15,0.115
1996-07-15,0.108
1996-07-22,0.125
1996-07-22,0.12
1996-07-30,0.093
1996-07-30,0.057
1996-08-06,0.13
1996-08-06,0.128
1996-08-13,0.625
1996-08-13,0.613
1996-10-14,0.247
1996-10-14,0.229
1996-11-02,0.387
1996-11-02,0.47
1996-11-09,0.8
1996-11-09,0.738
1996-11-18,1.07
1996-11-18,1.093
1996-11-25,1.628
1996-11-25,1.703
1996-12-03,0.548
1996-12-03,0.568
1996-12-11,0.178
1996-12-11,0.187
1996-12-17,1.147
1996-12-17,1.081
1996-12-22,1.248
1996-12-22,1.408
1996-12-29,0.866
1996-12-29,0.909
1997-01-05,1.942
1997-01-05,1.867
1997-01-13,2.228
1997-01-13,2.319
1997-02-19,1.74
1997-02-24,1.078
1997-02-28,3.276
1997-03-03,1.847
1997-03-08,2.366
1997-03-13,2.612
1997-03-18,0.424
1997-04-15,0.569
1997-04-15,0.562
1997-04-26,0.324
1997-04-26,0.334
1997-05-07,0.287
1997-05-07,0.247
1997-05-14,0.202
1997-05-14,0.181
1997-05-21,0.175
1997-05-21,0.19
1997-05-27,0.112
1997-05-27,0.104
1997-06-03,0.135
1997-06-03,0.135
1997-06-11,0.145
1997-06-11,0.138
1997-06-18,0.101
1997-06-18,0.105
1997-06-25,0.079
1997-06-25,0.082
1997-07-02,0.098
1997-07-02,0.098
1997-07-08,0.055
1997-07-08,0.056
1997-07-15,0.068
1997-07-15,0.066
1997-07-22,0.077
1997-07-22,0.075
1997-07-30,0.084
1997-07-30,0.077
1997-08-06,0.084
1997-08-06,0.084
1997-08-12,0.075
1997-08-12,0.073
1997-08-19,0.109
1997-08-19,0.103
1997-08-26,0.124
1997-08-26,0.134
1997-09-02,0.145
1997-09-02,0.134
1997-09-09,0.117
1997-09-09,0.115
1997-09-17,0.094
1997-09-17,0.091
1997-09-24,0.093
1997-09-24,0.091
1997-09-24,0.089
1997-09-24,0.092
1997-10-03,0.082
1997-10-03,0.084
1997-10-09,0.126
1997-10-09,0.121
1997-10-09,0.129
1997-10-09,0.128
1997-10-14,0.209
1997-10-14,0.216
1997-10-14,0.214
1997-10-14,0.212
1997-10-18,0.288
1997-10-18,0.29
1997-10-21,0.311
1997-10-21,0.239
1997-10-21,0.292
1997-10-21,0.31
1997-10-25,0.324
1997-10-25,0.308
1997-10-29,0.371
1997-10-29,0.394
1997-10-29,0.441
1997-10-29,0.417
1997-11-10,0.678
1997-11-10,0.681
1997-11-13,0.309
1997-11-13,0.318
1997-11-19,0.86
1997-11-19,0.858
1997-11-19,0.893
1997-11-19,0.885
1997-11-23,0.581
1997-11-23,0.661
1997-11-26,1.668
1997-11-26,1.882
1997-11-26,1.686
1997-11-26,1.581
1997-12-03,0.295
1997-12-03,0.292
1997-12-08,0.226
1997-12-08,0.181
1997-12-12,0.471
1997-12-12,0.509
1997-12-17,1.066
1997-12-17,1.214
1997-12-17,1.173
1997-12-17,1.165
1997-12-22,3.011
1997-12-22,2.8
1997-12-28,1.024
1997-12-28,0.977
1998-01-04,10.132
1998-01-04,10.87
1998-01-09,1.852
1998-01-09,1.867
1998-01-14,2.815
1998-01-14,2.936
1998-01-22,0.602
1998-01-22,0.632
1998-01-30,0.731
1998-01-30,0.702
1998-02-06,1.629
1998-02-06,1.629
1998-02-15,1.697
1998-02-15,1.764
1998-02-20,1.68
1998-02-20,1.629
1998-03-01,1.201
1998-03-01,1.211
1998-03-08,2.066
1998-03-08,2.117
1998-03-13,1.384
1998-03-13,1.52
1998-03-20,0.328
1998-03-20,0.319
1998-03-27,0.546
1998-03-27,0.551
1998-04-03,0.722
1998-04-03,0.711
1998-04-09,0.68
1998-04-09,0.622
1998-04-16,0.571
1998-04-16,0.538
1998-04-22,0.568
1998-04-22,0.585
1998-04-30,0.412
1998-04-30,0.447
1998-05-02,0.34
1998-05-02,0.349
1998-05-07,0.26
1998-05-07,0.283
1998-05-14,0.255
1998-05-14,0.249
1998-05-24,0.129
1998-05-24,0.142
1998-05-28,0.277
1998-05-28,0.294
1998-06-06,0.182
1998-06-06,0.194
1998-06-14,0.165
1998-06-14,0.16
1998-06-21,0.134
1998-06-21,0.134
1998-06-27,0.116
1998-06-27,0.118
1998-07-04,0.111
1998-07-11,0.104
1998-07-11,0.112
1998-07-18,0.138
1998-07-18,0.137
1998-08-04,0.149
1998-08-04,0.149
1998-08-08,0.188
1998-08-08,0.192
1998-08-16,0.142
1998-08-16,0.152
1998-08-23,0.156
1998-08-23,0.15
1998-08-31,0.192
1998-08-31,0.194
1998-09-07,0.196
1998-09-07,0.195
1998-09-13,0.246
1998-09-13,0.156
1998-09-19,0.176
1998-09-19,0.175
1998-09-26,0.232
1998-09-26,0.239
1998-10-04,0.244
1998-10-04,0.269
1998-10-12,0.266
1998-10-12,0.272
1998-10-21,0.292
1998-10-21,0.323
1998-10-25,0.105
1998-10-25,0.113
1998-10-27,0.385
1998-10-27,0.367
1998-11-02,0.505
1998-11-02,0.524
1998-11-10,1.05
1998-11-10,1.075
1998-11-17,2.259
1998-11-17,2.209
1998-11-24,0.612
1998-11-24,0.637
1998-11-30,0.81
1998-11-30,0.706
1998-12-17,0.275
1998-12-17,0.299
1998-12-22,0.838
1998-12-22,0.812
1998-12-27,0.518
1998-12-27,0.539
1998-12-30,0.891
1998-12-30,0.848
1999-01-02,1.177
1999-01-02,1.164
1999-02-16,0.936
1999-02-16,1.133
1999-02-19,1.449
1999-02-19,1.519
1999-02-22,0.184
1999-02-26,1.108
1999-02-26,1.186
1999-03-02,0.494
1999-03-02,0.478
1999-03-15,0.526
1999-03-15,0.522
1999-03-29,0.324
1999-03-29,0.315
1999-04-07,0.47
1999-04-07,0.473
1999-04-12,0.338
1999-04-12,0.351
1999-04-19,0.249
1999-04-19,0.246
1999-04-27,0.234
1999-04-27,0.227
1999-05-05,0.233
1999-05-05,0.216
1999-05-10,0.231
1999-05-10,0.234
1999-05-20,0.152
1999-05-20,0.148
1999-05-24,0.122
1999-05-24,0.119
1999-05-31,0.127
1999-05-31,0.126
1999-06-07,0.106
1999-06-07,0.103
1999-06-18,0.069
1999-06-18,0.073
1999-06-22,0.072
1999-06-22,0.07
1999-06-28,0.046
1999-06-28,0.044
1999-07-05,0.054
1999-07-05,0.052
1999-07-13,0.106
1999-07-13,0.106
1999-07-20,0.041
1999-07-20,0.065
1999-07-26,0.06
1999-07-26,0.062
1999-08-03,0.085
1999-08-03,0.091
1999-08-09,0.073
1999-08-09,0.07
1999-08-16,0.122
1999-08-16,0.122
1999-08-22,0.08
1999-08-22,0.08
1999-08-30,0.089
1999-08-30,0.088
1999-09-06,0.129
1999-09-06,0.125
1999-09-12,0.105
1999-09-12,0.095
1999-09-20,0.276
1999-09-20,0.269
1999-09-27,0.38
1999-09-27,0.376
1999-10-04,0.165
1999-10-04,0.159
1999-10-10,0.3
1999-10-10,0.302
1999-10-17,0.38
1999-10-17,0.38
1999-10-24,0.324
1999-10-24,0.321
1999-10-31,1.351
1999-11-01,0.461
1999-11-01,0.426
1999-11-04,0.867
1999-11-04,0.848
1999-11-04,1.582
1999-11-08,2.175
1999-12-02,1.887
1999-12-02,1.835
1999-12-06,1.702
1999-12-06,1.647
1999-12-17,2.395
1999-12-17,2.266
1999-12-24,2.109
1999-12-24,2.075
2000-01-02,0.519
2000-01-02,0.543
2000-01-15,1.338
2000-01-15,1.385
2000-02-02,3.477
2000-02-07,2.468
2000-02-10,3.309
2000-02-19,2.251
2000-02-21,1.293
2000-02-21,1.425
2000-03-02,2.81
2000-03-02,2.705
2000-03-12,1.148
2000-03-12,1.227
2000-03-16,0.339
2000-03-16,0.347
2000-03-23,0.24
2000-03-23,0.252
2000-03-31,0.854
2000-03-31,0.831
2000-04-09,0.539
2000-04-09,0.555
2000-04-14,0.306
2000-04-14,0.306
2000-04-21,0.356
2000-04-21,0.414
2000-04-28,0.399
2000-04-28,0.392
2000-05-05,0.386
2000-05-05,0.414
2000-05-15,0.29
2000-05-15,0.301
2000-05-19,0.276
2000-05-19,0.311
2000-05-26,0.214
2000-05-26,0.221
2000-06-02,0.26
2000-06-02,0.249
2000-06-09,0.163
2000-06-09,0.163
2000-06-16,0.182
2000-06-16,0.179
2000-06-23,0.072
2000-06-23,0.105
2000-06-30,0.11
2000-06-30,0.107
2000-07-07,0.104
2000-07-07,0.108
2000-07-14,0.082
2000-07-14,0.087
2000-07-21,0.097
2000-07-21,0.101
2000-07-28,0.135
2000-07-28,0.124
2000-08-04,0.123
2000-08-04,0.142
2000-08-11,0.174
2000-08-11,0.175
2000-08-18,0.163
2000-08-18,0.166
2000-08-25,0.182
2000-08-25,0.214
2000-09-01,0.226
2000-09-01,0.223
2000-09-11,0.42
2000-09-11,0.392
2000-09-15,0.511
2000-09-15,0.446
2000-09-22,0.377
2000-09-22,0.371
2000-09-29,0.649
2000-09-29,0.666
2000-10-06,0.553
2000-10-06,0.565
2000-10-16,5.352
2000-10-16,5.931
2000-10-26,49.199
2000-10-26,48.096
2000-11-07,3.989
2000-11-07,4.143
2000-11-20,1.319
2000-11-20,1.319
2000-12-02,2.246
2000-12-02,2.401
2000-12-18,0.902
2000-12-18,0.933
2000-12-27,3.35
2000-12-27,3.872
2001-01-04,37.45
2001-01-04,37.02
2001-01-11,6.602
2001-01-11,6.564
2001-01-25,2.478
2001-01-25,2.459
2001-02-02,0.949
2001-02-02,0.835
2001-02-12,1.553
2001-02-12,1.723
2001-02-19,2.556
2001-02-19,2.517
2001-02-28,2.517
2001-02-28,3.001
2001-03-05,1.859
2001-03-05,1.878
2001-03-12,0.966
2001-03-12,0.926
2001-03-19,1.665
2001-03-19,1.839
2001-03-26,0.897
2001-03-26,1.029
2001-04-02,1.051
2001-04-02,1.107
2001-04-10,1.287
2001-04-10,1.261
2001-04-16,1.393
2001-04-16,1.436
2001-04-24,0.562
2001-04-24,0.588
2001-05-01,0.332
2001-05-01,0.295
2001-05-09,0.242
2001-05-09,0.26
2001-05-17,0.164
2001-05-17,0.164
2001-05-24,0.158
2001-05-24,0.151
2001-06-04,0.122
2001-06-04,0.127
2001-06-11,0.048
2001-06-11,0.1
2001-06-20,0.211
2001-06-20,0.217
2001-06-26,0.122
2001-06-26,0.119
2001-07-04,0.053
2001-07-04,0.048
2001-07-11,0.12
2001-07-11,0.145
2001-07-18,0.04
2001-07-18,0.032
2001-07-25,0.08
2001-07-25,0.078
2001-08-01,0.057
2001-08-01,0.063
2001-08-08,0.101
2001-08-08,0.097
2001-08-15,0.082
2001-08-15,0.082
2001-08-22,0.131
2001-08-22,0.13
2001-08-29,0.154
2001-08-29,0.134
2001-09-07,0.176
2001-09-07,0.171
2001-09-13,0.182
2001-09-13,0.173
2001-09-19,0.215
2001-09-19,0.206
2001-09-26,0.229
2001-09-26,0.241
2001-10-06,0.22
2001-10-06,0.226
2001-10-20,0.188
2001-10-20,0.211
2001-10-24,0.146
2001-10-24,0.15
2001-10-24,0.154
2001-10-28,0.204
2001-10-29,0.193
2001-11-02,0.245
2001-11-02,0.284
2001-11-02,0.315
2001-11-06,0.102
2001-11-06,0.103
2001-11-06,0.191
2001-11-08,0.181
2001-11-15,0.348
2001-11-21,0.552
2001-11-21,0.21
2001-11-22,8.392
2001-11-22,3.372
2001-11-22,3.488
2001-11-22,8.202
2001-11-24,0.93
2001-11-26,1.56
2001-11-30,2.99
2001-12-04,2.53
2001-12-09,4.48
2001-12-15,5.66
2001-12-18,6.58
2001-12-22,7.38
2001-12-25,11.92
2001-12-28,12.57
2002-01-01,2.017
2002-01-01,1.8
2002-01-01,10.901
2002-01-01,10.209
2002-01-02,18.169
2002-01-02,13.237
2002-01-31,13.45
2002-02-03,21.13
2002-02-06,30.61
2002-02-10,9.18
2002-02-12,16.04
2002-02-15,7.91
2002-02-19,9.7
2002-02-21,15.33
2002-02-26,8.66
2002-03-01,5.27
2002-03-04,4.8
2002-03-07,6.44
2002-03-11,5.2
2002-03-14,1.34
2002-03-18,1.441
2002-03-18,1.084
2002-03-24,1.852
2002-03-24,1.251
2002-04-01,0.783
2002-04-01,0.768
2002-04-08,0.402
2002-04-08,0.384
2002-04-14,0.331
2002-04-14,0.295
2002-04-22,0.281
2002-04-22,0.267
2002-04-25,0.124
2002-04-25,0.117
2002-04-29,0.27
2002-04-29,0.267
2002-05-06,0.143
2002-05-06,0.142
2002-05-13,0.11
2002-05-13,0.108
2002-05-20,0.112
2002-05-20,0.116
2002-06-03,0.074
2002-06-03,0.071
2002-06-10,0.059
2002-06-10,0.077
2002-06-17,0.065
2002-06-17,0.059
2002-06-21,0.028
2002-06-21,0.026
2002-06-24,0.05
2002-06-24,0.051
2002-07-01,0.032
2002-07-01,0.045
2002-07-08,0.035
2002-07-08,0.041
2002-07-15,0.036
2002-07-15,0.04
2002-07-29,0.037
2002-07-29,0.036
2002-08-06,0.047
2002-08-06,0.052
2002-08-12,0.033
2002-08-12,0.042
2002-08-19,0.067
2002-08-19,0.073
2002-08-25,0.067
2002-08-25,0.06
2002-09-02,0.072
2002-09-02,0.071
2002-09-09,0.1
2002-09-09,0.104
2002-09-16,0.179
2002-09-16,0.177
2002-09-23,0.993
2002-09-23,0.48
2002-09-30,0.391
2002-09-30,0.391
2002-10-07,0.334
2002-10-07,0.273
2002-10-14,0.292
2002-10-14,0.272
2002-11-05,1.618
2002-11-18,6.74
2002-11-21,6.611
2002-11-25,5.153
2002-11-27,2.548
2002-11-27,2.803
2002-12-10,0.241
2002-12-10,0.224
2002-12-12,0.503
2002-12-16,1.488
2002-12-19,1.814
2002-12-23,0.829
2002-12-27,1.409
2002-12-31,1.449
2003-01-06,1.801
2003-01-07,2.714
2003-01-07,2.892
2003-01-17,0.752
2003-01-25,0.26
2003-01-25,0.282
2003-02-02,0.501
2003-02-02,0.501
2003-02-10,1.312
2003-02-10,1.185
2003-02-17,0.456
2003-02-17,0.479
2003-03-04,0.196
2003-03-04,0.189
2003-03-11,0.272
2003-03-11,0.25
2003-03-21,0.697
2003-03-21,0.44
2003-03-28,0.342
2003-03-28,0.36
2003-04-04,0.342
2003-04-04,0.349
2003-04-11,0.314
2003-04-11,0.306
2003-04-18,0.331
2003-04-18,0.331
2003-04-26,0.342
2003-04-26,0.336
2003-05-02,0.238
2003-05-02,0.232
2003-05-09,0.223
2003-05-09,0.221
2003-05-16,0.194
2003-05-16,0.198
2003-05-23,0.134
2003-05-23,0.121
2003-05-30,0.124
2003-05-30,0.107
2003-06-06,0.106
2003-06-06,0.136
2003-06-13,0.083
2003-06-13,0.095
2003-06-20,0.069
2003-06-20,0.07
2003-06-27,0.081
2003-06-27,0.086
2003-07-04,0.086
2003-07-04,0.086
2003-07-11,0.087
2003-07-11,0.042
2003-07-18,0.044
2003-07-18,0.043
2003-07-25,0.053
2003-07-25,0.05
2003-08-01,0.038
2003-08-01,0.074
2003-08-08,0.075
2003-08-08,0.056
2003-08-15,0.058
2003-08-15,0.087
2003-08-22,0.08
2003-08-22,0.091
2003-08-29,0.081
2003-08-29,0.071
2003-09-05,0.081
2003-09-05,0.089
2003-09-12,0.111
2003-09-12,0.12
2003-09-20,0.097
2003-09-20,0.16
2003-09-26,0.224
2003-09-26,0.192
2003-10-03,0.244
2003-10-03,0.657
2003-10-10,0.602
2003-10-10,0.632
2003-10-30,1.552
2003-11-04,0.975
2003-11-07,1.226
2003-11-10,1.316
2003-11-16,1.906
2003-11-19,0.439
2003-11-19,1.853
2003-11-20,1.561
2003-11-25,2.442
2003-11-28,1.316
2003-12-04,0.685
2003-12-08,0.549
2003-12-10,0.426
2003-12-10,1.844
2003-12-18,10.488
2003-12-18,4.524
2003-12-22,13.257
2003-12-26,3.74
2003-12-30,1.87
2004-01-02,2.778
2004-01-07,6.263
2004-01-07,11.653
2004-01-14,6.263
2004-01-14,5.888
2004-01-23,0.795
2004-01-23,0.904
2004-02-06,5.599
2004-02-10,4.285
2004-02-16,7.946
2004-02-19,3.731
2004-02-24,1.661
2004-02-26,1.307
2004-03-01,1.652
2004-03-04,1.843
2004-03-10,2.315
2004-03-15,2.115
2004-03-16,0.625
2004-03-16,1.551
2004-03-18,1.725
2004-03-22,2.433
2004-03-25,1.834
2004-03-30,2.76
2004-04-02,4.034
2004-04-16,0.217
2004-04-16,0.202
2004-04-23,0.221
2004-04-23,0.217
2004-04-29,0.204
2004-04-29,0.206
2004-05-06,0.169
2004-05-06,0.19
2004-05-14,0.128
2004-05-14,0.13
2004-05-20,0.11
2004-05-20,0.108
2004-05-27,0.103
2004-05-27,0.087
2004-06-03,0.13
2004-06-03,0.091
2004-06-10,0.105
2004-06-10,0.108
2004-06-18,0.067
2004-06-18,0.067
2004-06-24,0.06
2004-06-24,0.056
2004-07-01,0.056
2004-07-01,0.053
2004-07-08,0.067
2004-07-08,0.053
2004-07-15,0.049
2004-07-15,0.056
2004-07-22,0.058
2004-07-22,0.062
2004-07-28,0.065
2004-07-28,0.062
2004-08-05,0.063
2004-08-05,0.063
2004-08-12,0.079
2004-08-12,0.078
2004-08-19,0.089
2004-08-19,0.105
2004-08-26,0.077
2004-08-26,0.075
2004-09-02,0.09
2004-09-02,0.108
2004-09-09,0.12
2004-09-09,0.109
2004-09-16,0.098
2004-09-16,0.129
2004-09-23,0.306
2004-09-23,0.294
2004-09-30,0.201
2004-09-30,0.195
2004-10-08,0.14
2004-10-08,0.188
2004-10-14,0.123
2004-10-14,0.148
2004-10-21,0.066
2004-10-21,0.063
2004-11-13,0.693
2004-11-21,0.744
2004-11-24,0.669
2004-11-30,1.326
2004-12-06,1.529
2004-12-09,1.55
2004-12-23,1.8
2004-12-26,2.592
2004-12-30,1.313
2005-01-08,1.103
2005-01-08,1.043
2005-01-15,0.263
2005-01-15,0.215
2005-01-22,1.451
2005-01-22,1.564
2005-01-31,5.667
2005-01-31,5.886
2005-02-05,6.271
2005-02-05,6.029
2005-02-13,2.818
2005-02-13,2.758
2005-02-19,8.855
2005-02-19,2.848
2005-02-26,3.838
2005-02-26,3.657
2005-03-05,0.937
2005-03-05,0.952
2005-03-11,2.085
2005-03-11,2.916
2005-03-21,0.229
2005-03-21,0.277
2005-03-26,0.186
2005-03-26,0.163
2005-04-01,0.239
2005-04-01,0.215
2005-04-08,0.289
2005-04-08,0.349
2005-04-15,0.903
2005-04-15,0.634
2005-04-21,0.134
2005-04-21,0.127
2005-04-28,0.183
2005-04-28,0.197
2005-05-06,0.163
2005-05-06,0.174
2005-05-13,0.194
2005-05-13,0.196
2005-05-22,0.193
2005-05-22,0.177
2005-05-28,0.153
2005-05-28,0.145
2005-06-04,0.112
2005-06-04,0.104
2005-06-12,0.098
2005-06-12,0.087
2005-06-18,0.069
2005-06-18,0.071
2005-06-25,0.065
2005-06-25,0.068
2005-07-03,0.054
2005-07-03,0.048
2005-07-09,0.047
2005-07-09,0.048
2005-07-16,0.049
2005-07-16,0.055
2005-07-23,0.095
2005-07-23,0.092
2005-07-30,0.059
2005-07-30,0.069
2005-08-05,0.064
2005-08-05,0.06
2005-08-13,0.101
2005-08-13,0.101
2005-08-20,0.113
2005-08-20,0.099
2005-08-27,0.126
2005-08-27,0.142
2005-09-04,0.185
2005-09-04,0.199
2005-09-11,0.207
2005-09-11,0.369
2005-09-17,0.278
2005-09-17,0.27
2005-09-24,0.341
2005-09-24,0.309
2005-10-01,1.196
2005-10-01,1.431
2005-10-08,2.83
2005-10-08,1.513
2005-10-15,2.521
2005-10-15,2.041
2005-10-21,0.276
2005-10-21,0.229
2005-10-27,0.279
2005-10-27,0.317
2005-11-03,1.457
2005-11-10,1.078
2005-11-14,2.332
2005-11-14,2.323
2005-12-02,1.861
2005-12-02,1.891
2005-12-16,5.042
2005-12-20,32.055
2006-01-11,5.552
2006-01-11,5.692
2006-01-18,28.725
2006-01-18,30.481
2006-01-25,20.907
2006-01-25,20.994
2006-02-01,14.295
2006-02-01,17.393
2006-02-10,6.505
2006-02-10,6.079
2006-02-16,2.091
2006-02-16,2.161
2006-02-26,1.002
2006-02-26,0.919
2006-03-01,7.602
2006-03-01,5.59
2006-03-09,15.481
2006-03-09,15.481
2006-03-18,11.158
2006-03-18,10.798
2006-04-14,0.184
2006-04-14,0.216
2006-04-21,0.103
2006-04-21,0.108
2006-04-28,0.193
2006-04-28,0.213
2006-05-05,0.143
2006-05-05,0.155
2006-05-13,0.095
2006-05-13,0.179
2006-05-20,0.147
2006-05-20,0.182
2006-05-27,0.14
2006-05-27,0.098
2006-06-03,0.121
2006-06-03,0.11
2006-06-10,0.096
2006-06-10,0.115
2006-06-17,0.105
2006-06-17,0.091
2006-06-24,0.11
2006-06-24,0.116
2006-07-01,0.094
2006-07-01,0.092
2006-07-08,0.095
2006-07-08,0.076
2006-07-15,0.084
2006-07-15,0.091
2006-07-22,0.066
2006-07-22,0.071
2006-07-29,0.076
2006-07-29,0.071
2006-08-05,0.093
2006-08-05,0.085
2006-08-12,0.099
2006-08-12,0.078
2006-08-19,0.172
2006-08-19,0.121
2006-08-26,0.195
2006-08-26,0.218
2006-09-04,0.228
2006-09-04,0.239
2006-09-09,0.316
2006-09-09,0.314
2006-09-16,0.315
2006-09-16,0.282
2006-09-24,0.307
2006-09-24,0.307
2006-09-30,0.374
2006-09-30,0.368
2006-10-14,0.465
2006-10-14,0.49
2006-10-24,0.461
2006-10-24,0.469
2006-11-02,0.66
2006-11-02,0.645
2006-11-11,0.785
2006-11-11,0.901
2006-11-18,0.476
2006-11-18,0.465
2006-11-24,0.955
2006-11-24,1.041
2006-12-01,3.495
2006-12-01,3.962
2006-12-09,1.709
2006-12-09,1.655
2006-12-16,2.859
2006-12-16,1.328
2006-12-16,2.989
2006-12-16,1.422
2006-12-23,20.973
2006-12-23,25.944
2006-12-30,10.146
2006-12-30,9.184
2007-01-06,15.831
2007-01-06,14.805
2007-01-12,3.371
2007-01-12,3.418
2007-01-20,0.963
2007-01-27,1.243
2007-01-27,1.274
2007-02-03,2.556
2007-02-03,2.525
2007-02-12,1.732
2007-02-12,1.701
2007-02-17,1.344
2007-02-17,1.367
2007-02-24,2.012
2007-02-24,1.981
2007-03-02,3.729
2007-03-02,3.767
2007-03-10,1.049
2007-03-10,1.01
2007-03-17,1.732
2007-03-17,1.841
2007-03-24,0.676
2007-03-24,0.674
2007-03-31,0.706
2007-03-31,0.332
2007-04-08,0.54
2007-04-08,0.656
2007-04-15,0.44
2007-04-15,0.463
2007-04-21,0.571
2007-04-21,0.563
2007-05-11,0.299
2007-05-11,0.293
2007-05-22,0.186
2007-05-22,0.18
2007-05-28,0.141
2007-05-28,0.024
2007-06-04,0.124
2007-06-04,0.103
2007-06-11,0.128
2007-06-11,0.111
2007-06-16,0.096
2007-06-16,0.093
2007-06-23,0.084
2007-06-23,0.084
2007-06-30,0.069
2007-06-30,0.079
2007-07-07,0.071
2007-07-07,0.071
2007-07-14,0.08
2007-07-14,0.068
2007-07-21,0.126
2007-07-21,0.111
2007-07-28,0.202
2007-07-28,0.201
2007-08-05,0.186
2007-08-05,0.198
2007-08-11,0.161
2007-08-11,0.155
2007-08-18,0.234
2007-08-18,0.25
2007-08-25,0.248
2007-08-25,0.236
2007-09-02,0.199
2007-09-02,0.207
2007-09-09,0.187
2007-09-09,0.208
2007-09-16,0.569
2007-09-16,0.55
2007-09-22,0.25
2007-09-22,0.29
2007-09-28,0.498
2007-09-28,0.508
2007-10-06,1.035
2007-10-06,1.082
2007-10-12,1.204
2007-10-12,1.082
2007-10-20,0.491
2007-10-20,0.458
2007-10-27,0.333
2007-10-27,0.34
2007-11-03,0.37
2007-11-03,0.377
2007-11-10,0.535
2007-11-10,0.541
2007-11-17,1.176
2007-11-17,1.195
2007-11-26,1.882
2007-11-26,1.844
2007-12-01,0.931
2007-12-01,0.913
2007-12-08,1.157
2007-12-08,1.176
2007-12-15,3.359
2007-12-15,3.857
2007-12-22,2.653
2007-12-22,6.151
2007-12-30,3.82
2007-12-30,3.359
2010-03-13,0.628
2010-03-21,0.396
2010-03-27,1.261
2010-04-02,1.551
2010-04-10,0.758
2010-04-17,0.545
2010-04-24,0.446
2010-05-01,0.323
2010-05-08,0.208
2010-05-15,0.15
2010-05-22,0.178
2010-05-29,0.223
2010-06-05,0.235
2010-06-12,0.175
2010-06-19,0.089
2010-06-26,0.069
2010-07-03,0.077
2010-07-10,0.083
2010-07-17,0.067
2010-07-24,0.077
2010-07-31,0.162
2010-08-07,0.182
2010-08-14,0.143
2010-08-21,0.199
2010-08-28,0.414
2010-09-04,0.705
2010-09-11,1.218
2010-09-18,1.018
2010-09-25,0.42
2010-10-02,0.852
2010-10-11,1.029
2010-10-19,0.647
2010-10-25,0.633
2010-11-01,2.371
2010-11-09,4.222
2010-11-16,3.824
2010-11-25,2.648
2010-12-02,2.139
2010-12-09,2.171
2010-12-16,4.176
2010-12-23,6.563
2010-12-30,16.718
2011-01-06,15.645
2011-01-13,11.188
2011-01-21,12.297
2011-01-29,5.198
2011-02-04,3.182
2011-02-10,1.902
2011-02-18,0.791
2011-02-26,0.763
2011-03-04,0.773
2011-03-11,1.129
2011-03-18,2.377
2011-03-24,2.042
2011-04-01,0.655
2011-04-01,0.801
2011-04-07,0.594
2011-04-07,0.617
2011-04-14,0.184
2011-04-14,0.174
2011-04-23,0.109
2011-04-23,0.127
2011-04-29,0.061
2011-04-29,0.415
2011-05-06,0.297
2011-05-06,0.768
2011-05-14,0.226
2011-05-14,0.236
2011-05-20,0.185
2011-05-20,0.184
2011-05-28,0.155
2011-05-28,0.148
2011-06-04,0.203
2011-06-04,0.193
2011-06-10,0.121
2011-06-10,0.131
2011-06-17,0.09
2011-06-17,0.088
2011-06-25,0.146
2011-06-25,0.111
2011-07-01,0.08
2011-07-01,0.086
2011-07-07,0.112
2011-07-07,0.098
2011-07-15,0.073
2011-07-15,0.094
2011-07-23,0.061
2011-07-23,0.059
2011-07-28,0.078
2011-07-28,0.167
2011-08-06,0.075
2011-08-06,0.098
2011-08-12,0.093
2011-08-12,0.093
2011-08-20,0.084
2011-08-20,0.076
2011-08-26,0.094
2011-08-26,0.092
2011-09-02,0.172
2011-09-02,0.169
2011-09-10,0.246
2011-09-10,0.229
2011-09-17,0.179
2011-09-17,0.181
2011-09-25,0.214
2011-09-25,0.208
2011-10-01,0.198
2011-10-01,0.207
2011-10-10,1.221
2011-10-10,1.272
2011-10-19,0.247
2011-10-19,0.212
2011-10-25,0.87
2011-10-25,0.337
2011-11-01,0.474
2011-11-01,1.459
2011-11-01,0.45
2011-11-01,0.441
2012-11-09,0.714
2012-11-09,0.707
2012-11-17,2.05
2012-11-17,2.001
2011-11-22,0.93
2011-11-22,1.013
2011-12-01,2.922
2011-12-01,2.851
2011-12-27,5.381
2011-12-27,5.369
2012-01-04,24.231
2012-01-04,25.019
2012-01-10,15.268
2012-01-10,16.351
2012-01-18,2.499
2012-01-18,2.787
2012-01-26,3.071
2012-01-26,0.818
2012-01-31,1.273
2012-01-31,1.226
2012-02-07,2.896
2012-02-07,2.674
2012-02-14,4.438
2012-02-14,4.134
2012-02-22,5.314
2012-02-22,4.858
2012-03-06,4.041
2012-03-06,4.088
2012-03-13,5.454
2012-03-13,5.162
2012-03-20,5.22
2012-03-20,5.501
2012-03-28,2.931
2012-04-03,1.286
2012-04-10,1.267
2012-04-17,0.544
2012-04-24,0.392
2012-05-01,0.24
2012-05-08,0.221
2012-05-15,0.134
2012-05-23,0.105
2012-05-29,0.136
2012-06-05,0.112
2012-06-12,0.078
2012-06-19,0.042
2012-06-26,0.043
2012-07-03,0.043
2012-07-10,0.078
2012-07-16,0.064
2012-07-17,0.049
2012-07-24,0.04
2012-07-31,0.065
2012-08-07,0.043
2012-08-15,0.046
2012-08-21,0.078
2012-08-28,0.069
2012-09-04,0.091
2012-09-11,0.145
2012-09-19,0.212
2012-09-25,2.407
2012-10-04,0.245
2012-10-13,0.36
2012-10-20,0.625
2012-10-27,0.565
2012-11-02,0.83
2012-11-16,15.406
2012-11-23,10.045
2012-11-30,49.373
2012-12-06,38.962
2012-12-13,14.722
2012-12-21,0.561
2012-12-29,0.26
2013-01-05,1.028
2013-01-14,7.166
2013-01-19,0.896
2013-01-26,2.058
2013-02-01,2.261
2013-02-08,1.163
2013-02-14,1.838
2013-02-21,1.44
2013-02-28,2.245
2013-03-07,2.18
2013-03-15,2.44
2013-03-23,0.894
2013-03-29,0.448
2013-04-05,0.308
2013-04-12,0.339
2013-04-20,0.448
2013-04-27,0.865
2013-05-03,0.992
2013-05-10,0.834
2013-05-17,1.206
2013-05-24,0.809
2013-05-31,0.448
2013-06-08,0.242
2013-06-14,0.14
2013-06-21,0.181
2013-06-28,0.116
2013-07-05,0.172
2013-07-12,0.092
2013-07-19,0.08
2013-07-26,0.068
2013-08-02,0.14
2013-08-09,0.065
2013-08-16,0.171
2013-08-23,0.085
2013-08-30,0.139
2013-09-07,-0.06
2013-09-13,0.193
2013-09-20,0.262
2013-09-27,0.192
2013-10-04,0.256
2013-10-11,0.322
2013-10-18,0.715
2013-10-25,2.826
2013-11-01,0.185
2013-11-08,0.137
2013-11-15,0.157
2013-11-22,0.174
2013-12-01,0.313
2013-12-04,0.093
2013-12-06,1.092
2013-12-09,0.151
2013-12-13,1.484
2013-12-17,0.731
2013-12-20,0.123
2013-12-25,0
2013-12-29,7.55
2014-01-01,6.621
2014-01-05,11.141
2014-01-06,21.659
2014-01-10,10.605
2014-01-13,7.383
2014-01-17,11.573
2014-01-22,10.258
2014-01-25,6.522
2014-01-28,4.198
2014-02-04,3.659
2014-02-08,5.903
2014-02-11,5.227
2014-02-15,1.295
2014-02-18,0.613
2014-02-21,0.93
2014-02-25,2.426
2014-03-01,2.906
2014-03-03,1.878
2014-03-07,0.445
2014-03-11,0.604
2014-03-14,0.923
2014-03-18,0.337
2014-03-21,0.466
2014-03-28,0.312
2014-04-04,0.189
2014-04-11,0.39
2014-04-18,0.348
2014-04-25,0.386
2014-05-02,0.374
2014-05-09,0.273
2014-05-16,0.195
2014-05-23,0.202
2014-05-30,0.118
2014-06-06,0.23
2014-06-13,0.132
2014-06-20,0.139
2014-06-27,0.097
2014-07-04,0.132
2014-07-11,0.069
2014-07-18,0.083
2014-07-25,0.081
2014-08-02,0.079
2014-08-08,0.09
2014-08-15,-0.015
2014-08-22,0.098
2014-08-29,0.117
2014-09-05,0.184
2014-09-12,0.139
2014-09-19,0.164
2014-09-26,0.176
2014-10-07,0.215
2014-10-14,0.35
2014-10-21,0.153
2014-10-28,0.226
2014-11-04,0.307
2014-11-11,0.373
2014-11-18,0.208
2014-11-25,0.575
2014-12-02,2.191
2014-12-09,29.732
2014-12-18,0.205
2014-12-25,-0.002
2015-01-01,1.237
2015-01-08,7.574
2015-01-15,8.975
2015-01-22,18.306
2015-01-29,1.408
2015-02-05,0.891
2015-02-12,2.05
2015-02-19,2.746
2015-02-26,2.761
2015-03-05,1.913
2015-03-12,1.424
2015-03-19,0.474
2015-03-26,0.558
2015-04-02,1.161
2015-04-09,4.73
2015-04-16,4.387
2015-04-23,2.39
2015-04-30,0.902
2015-05-07,0.343
2015-05-14,0.385
2015-05-21,0.21
2015-05-28,0.197
2015-06-04,0.136
2015-06-11,0.116
2015-06-18,0.067
2015-06-25,0.059
2015-07-02,1.159
2015-07-09,0.416
2015-07-16,0.032
2015-08-19,0.075
2015-08-27,0.078
2015-09-03,0.107
2015-09-10,0.073
2015-09-17,0.081
2015-09-24,0.178
2015-10-01,0.185
2015-10-08,0.224
2015-10-15,0.107
2015-11-05,0.291
2015-11-12,0.611
2015-11-19,0.416
2015-11-27,0.838
2015-12-03,3.062
2015-12-10,3.194
2015-12-17,4.338
2015-12-24,8.351
2015-12-31,23.215
2016-01-01,16.219
2016-01-15,29.243
2016-01-21,19.149
2016-01-28,25.344
2016-02-04,25.784
2016-02-11,27.992
2016-02-18,14.186
2016-02-25,6.779
2016-03-03,1.902
2016-03-10,1.089
2016-03-31,0.349
2016-04-07,0.231
2016-04-15,0.258
2016-04-21,0.286
2016-04-28,0.315
2016-05-05,0.247
2016-05-12,0.198
2016-05-19,0.162
2016-05-26,0.237
2016-06-02,0.115
2016-06-09,0.199
2016-06-16,0.757
2016-06-23,0.143
2016-06-30,0.074
2016-07-07,0.08
2016-07-14,0.075
2016-07-21,0.07
2016-07-28,0.401
2016-08-04,0.061
2016-08-11,0.067
2016-08-18,0.086
2016-08-25,0.072
2016-09-01,0.112
2016-09-08,0.202
2016-09-15,0.205
2016-09-22,0.169
2016-09-29,0.235
2016-10-06,0.238
2016-10-13,0.267
2016-10-20,0.365
2016-10-27,0.777
2016-11-03,0.386
2016-11-10,1.067
2016-11-17,3.801
2016-11-24,1.39
2016-12-01,1.964
2016-12-08,4.885
2016-12-15,4.502
2016-12-29,29.102
2017-01-06,9.807
2017-01-12,4.074
2017-01-19,4.368
2017-01-26,9.896
2017-02-02,2.784
2017-02-09,16.853
2017-02-16,1.738
2017-02-23,2.084
2017-03-02,1.191
2017-03-09,1.190319785
2017-03-16,1.183410798
2017-03-23,1.125177907
2017-03-30,0.717448965
2017-04-06,0.625756836
2017-04-13,0.426383207
2017-04-20,0.24181455
2017-04-27,0.144101732
2017-05-04,0.158906704
2017-05-11,0.157919706
2017-05-18,0.073432663
2017-05-25,0.126335765
2017-06-01,0.1075828
2017-06-08,0.085276641
2017-06-15,0.095738822
2017-06-22,0.103634807
2017-06-29,0.095738822
2017-07-06,0.063069183
2017-07-13,0.070767768
2017-07-20,0.150023721
2017-07-27,0.277346484
2017-08-03,0.114393087
2017-08-10,0.083796144
2017-08-17,0.110247695
2017-08-24,0.125447467
2017-09-02,0.191477644
2017-09-07,0.201347625
2017-09-14,0.281294477
2017-09-21,0.40841984
2017-09-29,0.240827552
2017-10-05,0.140153739
2017-10-12,0.116169684
2017-10-20,0.100081614
2017-10-27,0.135218748
2017-11-03,0.15594571
2017-11-29,1.474180457
2017-11-30,7.037889106
2017-12-07,1.865426529
2017-12-14,1.303034976
2017-12-21,3.296376467
2017-12-29,1.267108242
2018-01-05,3.217416614
2018-01-11,1.872335516
2018-01-19,1.312707558
2018-01-26,3.030084362
2018-02-02,10.10587202
2018-02-09,3.091900843
2018-02-15,3.924550298
2018-02-23,3.515355481
2018-03-01,1.634919295
2018-03-08,3.080740985
2018-03-16,3.682753361
